{"right": [[[0.16334594472878639, 0.06664033115087373, 0.8218785659925135], [[-0.4562036693096161, -0.11946070194244385, -0.8818204998970032], [-0.49079298973083496, -0.792827308177948, 0.3613130748271942], [-0.7422940731048584, 0.5976236462593079, 0.30306023359298706]], -2, [63.110031385327254, -47.92720285439238, 132.90818434548098], 89], [[0.11453122185449781, 0.06659568389209881, 0.852584332452196], [[-0.4269353151321411, -0.14729417860507965, -0.8922055959701538], [-0.5303096771240234, -0.7583913207054138, 0.3789648413658142], [-0.7324602007865906, 0.6349387168884277, 0.24567243456840515]], 1, [68.8473949121213, -47.09303924512459, 128.83642340576444], 103]], "left": [[[-0.08435745464794268, 0.08206822737454549, 0.8568814368369073], [[0.5069038271903992, -0.4578380584716797, -0.730364978313446], [-0.05143537372350693, -0.8618438839912415, 0.5045589208602905], [-0.860466718673706, -0.21819619834423065, -0.4604209363460541]], -2, [-154.6434499539677, -59.369026277930516, 5.793954203876387], 88], [[-0.03380697012512819, 0.010024792321186332, 0.7275811706754058], [[0.3857280910015106, -0.33629849553108215, -0.8591374754905701], [0.037047937512397766, -0.9248038530349731, 0.3786362111568451], [-0.9218683838844299, -0.17787988483905792, -0.34426364302635193]], 0, [-152.67475109277058, -67.2007715205512, -5.486244658109902], 104], [[0.056896119340355, 0.06287946707871697, 0.8641007286211009], [[0.7460030913352966, -0.27533119916915894, -0.6063597798347473], [0.1955583244562149, -0.779811441898346, 0.5946857333183289], [-0.6365817785263062, -0.56221604347229, -0.5278984308242798]], 1, [-133.1968811263476, -39.53740124211149, -14.689080993605947], 125]]}