{"L": [[-1, -0.108421617, -0.166317102, 0.34744652, -89.246810913, -0.673296511, 179.93927002, 1], [0, -0.075940897, -0.390140053, 0.048658548, -89.246757507, -0.673051119, 179.939468384, 0], [0, -0.075945841, -0.390111196, 0.098624464, -89.250488281, -0.67385602, 179.939315796, 0], [3, -0.069010266, -0.481326591, 0.203427209, -89.248832703, -0.673827827, 179.934692383, 0], [4, -0.061628939, -0.537413785, 0.06510705, -89.246376038, -0.673217237, 179.939239502, 1]], "R": [[-1, 0.147416641, -0.128142008, 0.305549254, -60.355163574, -89.610748291, 148.659088135, 1], [1, 0.124118347, -0.338005494, 0.02388828, -60.344367981, -89.610778809, 148.648193359, 0], [1, 0.124118904, -0.337995706, 0.073879588, -60.519187927, -89.611732483, 148.823135376, 0], [2, 0.099802694, -0.397296448, 0.026084709, -60.314914703, -89.610588074, 148.618835449, 1]]}