{"right": [[[0.2764285162234004, 0.03996477209463081, 0.8544578345646878], [[0.13960951566696167, -0.6726307272911072, -0.7266892194747925], [-0.9441884160041809, -0.3115503787994385, 0.10697922855615616], [-0.2983577847480774, 0.6711962223052979, -0.6785855293273926]], 0, [135.31365853650487, -17.358995211028923, 81.58907946190537], 86], [[0.20085066462187529, 0.022310689088414687, 0.8079492537768642], [[0.2108069807291031, -0.7033337950706482, -0.678882896900177], [-0.936747133731842, -0.34385067224502563, 0.06535584479570389], [-0.27940133213996887, 0.622164249420166, -0.7313321232795715]], 0, [139.6112774033986, -16.224476891893456, 77.31735178872114], 91], [[0.056644198921307745, 0.04234604456678587, 0.8030639074356095], [[-0.02276948094367981, -0.5506496429443359, -0.8344258666038513], [-0.9269174933433533, -0.30108848214149475, 0.2239859700202942], [-0.37457379698753357, 0.7785439491271973, -0.5035511255264282]], 0, [122.8942137894222, -21.99797362463535, 91.40717339274723], 102], [[0.21403658612474452, 0.033942131523083646, 0.854086461093187], [[0.2818795144557953, -0.7464181184768677, -0.6028300523757935], [-0.8958458304405212, -0.4297116994857788, 0.11317285895347595], [-0.34351739287376404, 0.5081416964530945, -0.7898024916648865]], 0, [147.2436535893679, -20.091316988439335, 72.53372460030643], 174], [[0.2746402164841645, 0.03624965867216581, 0.8632408887270594], [[0.28613990545272827, -0.7816386222839355, -0.5542247295379639], [-0.9029226899147034, -0.41355100274086, 0.11707384884357452], [-0.32070958614349365, 0.4669225215911865, -0.8240926265716553]], 1, [150.46454949590375, -18.705844381862164, 72.4163783592639], 187]], "left": [[[-0.07853331076426254, 0.05991132750508735, 0.7972530724179226], [[-0.35518068075180054, -0.6541733145713806, -0.6677604913711548], [0.5146403312683105, -0.7331755757331848, 0.44452109932899475], [-0.7803794741630554, -0.1857711225748062, 0.5970736742019653]], 0, [-17.282801053642256, -51.295331906802524, -124.61161974509042], 85], [[-0.0868435370828152, 0.027896939070084503, 0.7614498022159993], [[-0.2085130512714386, -0.6871493458747864, -0.6959512829780579], [0.4674968719482422, -0.695060133934021, 0.5462033748626709], [-0.8590512275695801, -0.2114645093679428, 0.4661692678928375]], 0, [-24.400077651447784, -59.2102206180269, -114.03783463304119], 96], [[-0.10242854970904515, -0.0026374038650672504, 0.6908248506405383], [[0.9898850917816162, 0.1389654278755188, 0.028566155582666397], [0.051778554916381836, -0.5413414239883423, 0.8392069935798645], [0.13208480179309845, -0.8292394280433655, -0.5430613160133362]], -2, [-123.22042087491482, 7.590081823736234, -2.994278406141273], 120], [[-0.07296384951320593, 0.056908647096839876, 0.790149111021212], [[-0.16212527453899384, -0.6380016803741455, -0.7527744770050049], [0.41732364892959595, -0.7356170415878296, 0.533581018447876], [-0.8941791653633118, -0.22764357924461365, 0.3855152130126953]], 1, [-30.56150259122318, -63.40319097668669, -111.23055367386371], 178]]}