{"right": [[[0.18936315119319536, 0.08120772621763955, 0.8132866073964634], [[-0.1071845144033432, -0.3614758253097534, -0.926200270652771], [-0.8313106298446655, -0.4784141778945923, 0.2829180657863617], [-0.5453753471374512, 0.8002844452857971, -0.249220073223114]], 0, [107.29733436165859, -33.05031403513114, 97.34686812093437], 62], [[0.11833692177595258, 0.06836006675053746, 0.7405766327317557], [[-0.06290274113416672, -0.3065720498561859, -0.9497667551040649], [-0.8398618698120117, -0.49783390760421753, 0.21631792187690735], [-0.5391430854797363, 0.8112798929214478, -0.2261630743741989]], 0, [105.57704291603302, -32.62532398928612, 94.2832569685503], 69], [[0.029435934114297298, 0.09384447146684038, 0.7578140751252022], [[-0.15867523849010468, -0.27977263927459717, -0.9468629360198975], [-0.816672682762146, -0.5017533302307129, 0.2851126492023468], [-0.5548584461212158, 0.8185174465179443, -0.14886684715747833]], 0, [100.30793230131309, -33.70096330882342, 100.99527493858334], 88], [[0.1411002043281816, 0.08071215854144104, 0.8270517418177687], [[-0.025005236268043518, -0.35213202238082886, -0.9356162548065186], [-0.7893698215484619, -0.5673192143440247, 0.2346150279045105], [-0.6134085655212402, 0.7444137930870056, -0.26377642154693604]], 0, [109.51132945017552, -37.83637388227243, 91.814380188733], 155], [[0.1920096665355926, 0.08103846927152461, 0.8307222904186261], [[0.005052164196968079, -0.40036964416503906, -0.9163398742675781], [-0.7992163896560669, -0.5523712635040283, 0.23693710565567017], [-0.6010221242904663, 0.7311567664146423, -0.32277265191078186]], 1, [113.81929008663722, -36.94313994406599, 89.6378150108975], 172]], "left": [[[-0.11818770854194868, 0.07348655876827183, 0.7622301733077306], [[-0.2663783133029938, -0.4619261920452118, -0.8459709882736206], [-0.05922425538301468, -0.8681805729866028, 0.49270179867744446], [-0.9620473384857178, 0.18134705722332, 0.20390722155570984]], 0, [41.648636682456065, -74.16413023619225, 167.46523111464563], 61], [[-0.11478384300868294, 0.06656484567904788, 0.7270440821568026], [[0.0567304864525795, -0.35816821455955505, -0.9319320321083069], [-0.0523214153945446, -0.9332191348075867, 0.35547786951065063], [-0.9970176815986633, 0.02859356999397278, -0.07168184220790863]], 0, [158.25313068409068, -85.57383790401951, 42.68477159059564], 70], [[-0.12419869203157063, 0.046281636904897505, 0.7140827609477243], [[0.9774585366249084, -0.030503805726766586, 0.2089119851589203], [-0.04642515257000923, -0.9963425993919373, 0.07173557579517365], [0.2059597373008728, -0.07981733232736588, -0.9752998352050781]], -2, [-175.3214108074048, 11.885686699199466, 2.7192640536725596], 110], [[-0.11355668014664216, 0.07879999634167559, 0.7724310730819532], [[-0.4918743073940277, -0.4417654275894165, -0.7502686977386475], [-0.016681954264640808, -0.8567779064178467, 0.5154157280921936], [-0.8705064654350281, 0.26603567600250244, 0.41405752301216125]], 1, [32.72111043428021, -60.51754317586626, 178.05755407021869], 160]]}