{"right": [[[0.19743444528809528, 0.07126399498092781, 0.8088854719387062], [[0.08796791732311249, -0.40795934200286865, -0.9087523221969604], [-0.8433135747909546, -0.516054093837738, 0.15003488957881927], [-0.5301734805107117, 0.7531648278236389, -0.3894338309764862]], -2, [117.34182346273782, -32.01717807659896, 84.04488702371114], 62], [[-0.052867069546429814, 0.07110221689698787, 0.791809901338929], [[-0.16392116248607635, -0.34594225883483887, -0.9238255023956299], [-0.8350018262863159, -0.4499925971031189, 0.31666794419288635], [-0.5252634882926941, 0.8233045935630798, -0.21509912610054016]], 0, [104.64199024124412, -31.685986916810833, 101.1066247886752], 90], [[0.18662899766271898, 0.07669711227775086, 0.8069362971642886], [[0.16668832302093506, -0.4635234773159027, -0.8702648282051086], [-0.8517279624938965, -0.5123599767684937, 0.10975714027881622], [-0.4967639446258545, 0.7229337096214294, -0.4802003800868988]], 1, [123.59364169313913, -29.78613436886438, 78.92682246554091], 169]], "left": [[[-0.12183103119051956, 0.08270600053874808, 0.7605972863509334], [[-0.2124480903148651, -0.33752700686454773, -0.917028546333313], [-0.15593352913856506, -0.9147154092788696, 0.3728007674217224], [-0.9646505117416382, 0.2221963107585907, 0.14169776439666748]], -2, [57.47376427147201, -74.72022069729067, 143.72191568106163], 63], [[-0.20917822023947302, 0.050311539405868744, 0.7359146604083266], [[0.8194900751113892, -0.26528555154800415, -0.5079959034919739], [-0.24232326447963715, -0.9636701345443726, 0.11233609169721603], [-0.5193415880203247, 0.03104090504348278, -0.8540028929710388]], 0, [177.9183552338899, -31.288095019540222, 16.472952685879797], 82], [[-0.21268883708629605, 0.03734059143739449, 0.7374110781213308], [[0.9623658061027527, -0.12155473977327347, 0.2430565059185028], [-0.12287737429141998, -0.9923737645149231, -0.009770388714969158], [0.24239054322242737, -0.020463455468416214, -0.9699628949165344]], -3, [-178.7914014494423, 14.02767521017455, 7.27630316029285], 110], [[-0.12235835113169706, 0.08189857412464979, 0.7689508415489745], [[-0.31116199493408203, -0.32362261414527893, -0.8935583233833313], [-0.152186781167984, -0.9111327528953552, 0.3829832673072815], [-0.9380924105644226, 0.25515761971473694, 0.23425881564617157]], 1, [47.44512674343114, -69.73363135973534, 153.937124169671], 156]]}