{"L": [[-1, -0.108419572, -0.166298268, 0.347440024, -84.850128174, -0.676171362, 179.943191528, 1], [1, -0.083535027, -0.372107479, 0.074146768, -84.850326538, -0.676066399, 179.943252563, 0], [1, -0.083533224, -0.372120304, 0.11414615, -84.84803009, -0.675740719, 179.943237305, 1], [2, -0.072506422, -0.275872584, 0.108413973, -84.850158691, -0.676020503, 179.944030762, 0], [4, -0.060442974, -0.268824063, 0.144215205, -84.847412109, -0.674528539, 179.949584961, 0], [4, -0.05855776, -0.428736485, 0.319635482, -179.850311279, -0.675260961, 179.940200806, 0], [4, -0.060451264, -0.268820266, 0.144208278, -84.851402283, -0.674255073, 179.948226929, 0], [5, -0.09324966, -0.282670011, 0.067633876, -84.84954071, -0.67596972, 179.943054199, 1]], "R": [[-1, 0.147418848, -0.128148202, 0.305563821, -60.1577034, -89.608711243, 148.461257935, 1], [0, 0.115280387, -0.331476946, 0.02373428, -60.280261993, -89.609275818, 148.583358765, 0], [0, 0.115282666, -0.331455637, 0.063724806, -60.527492523, -89.610176086, 148.83114624, 1], [3, 0.085729779, -0.556615552, 0.025787585, -60.339324951, -89.60848999, 148.642105103, 0], [6, 0.119161085, -0.442944602, 0.026817735, -59.628288269, -89.607192993, 147.932525635, 1]]}