{"right": [[[0.17509019261818506, 0.07970330761237983, 0.8999195608946307], [[-0.7295711636543274, 0.3545369505882263, -0.5848327279090881], [-0.6554287075996399, -0.11827419698238373, 0.7459385991096497], [0.19529218971729279, 0.9275314807891846, 0.3186631500720978]], 0, [71.03930400399341, 11.261793961052536, 138.0642616125199], 131], [[0.021285884887644022, 0.002039878515688154, 0.5996756574917547], [[-0.14269709587097168, 0.9781984090805054, -0.15088209509849548], [-0.8546486496925354, -0.1986646056175232, -0.4796958267688751], [-0.4992125928401947, 0.06049997732043266, 0.8643648028373718]], 0, [4.003805236837574, -29.94792025246471, 99.47899778000452], 149], [[0.12359905672778305, -0.05004391277631051, 0.5878267061123397], [[-0.3273937404155731, 0.7944902181625366, -0.5114672183990479], [-0.6991884708404541, -0.5678004026412964, -0.43444016575813293], [-0.6355697512626648, 0.21537895500659943, 0.7413926124572754]], 1, [16.198896512899157, -39.46225266461141, 115.09125645099908], 158]], "left": [[[0.034728525203008245, 0.12126010409394017, 0.6298857250289651], [[-0.6783958673477173, -0.6412625312805176, 0.358554869890213], [0.7188288569450378, -0.4784521162509918, 0.5043498277664185], [-0.15186932682991028, 0.5998883843421936, 0.7855378985404968]], 0, [37.3677326724126, -8.735271179160053, -133.34243138906754], 150], [[0.010083254215898337, 0.06566146522668839, 0.7816161144398067], [[0.9523308277130127, -0.04234086722135544, -0.3021147847175598], [0.23075197637081146, -0.5478049516677856, 0.8041538000106812], [-0.19954852759838104, -0.8355339765548706, -0.5119212865829468]], 1, [-121.49528340243805, -11.510559341046648, -13.620397228296447], 177]]}