{"L": [[-1, -0.128557724, -0.180090368, 0.3649676, -89.308868408, -0.575649202, 179.955459595, 1], [0, -0.209739456, -0.4208174, 0.05958789, -89.308769226, -0.575410903, 179.956054688, 0], [0, -0.209742446, -0.420813756, 0.099558575, -89.310012817, -0.575291455, 179.955093384, 1], [1, -0.089346775, -0.701733904, 0.130944815, -89.308509827, -0.575701296, 179.955566406, 0], [4, -0.089338014, -0.663599683, 0.143024054, -89.313819885, -0.574995697, 179.957336426, 0], [6, -0.126530934, -0.503416264, 0.161140003, -89.321380615, -0.576591313, 179.951858521, 0], [7, -0.087882637, -0.406148786, 0.050350635, -89.321411133, -0.577246487, 179.955093384, 1]], "R": [[-1, 0.093860736, -0.171054151, 0.421431173, 179.401641846, 0.343045235, 89.970550537, 1], [2, 0.111812004, -0.471084409, 0.405135418, 179.401321411, 0.341812342, 89.970657349, 0], [2, 0.111808801, -0.471085264, 0.405132918, -179.405059814, 0.347794861, -150.026062012, 1], [2, 0.111808486, -0.471084656, 0.410152831, 179.402267456, 0.345013976, 89.974884033, 0], [2, 0.111812254, -0.471077029, 0.435127662, 179.400726318, 0.344685853, 89.974708557, 1], [3, 0.102658873, -0.464027775, 0.48938186, 179.401290894, 0.344027549, 89.970222473, 0], [5, 0.106257934, -0.358067038, 0.218913895, 179.401306152, 0.342328995, 89.970191956, 1]]}