{"right": [[[0.2209353103129611, -0.026891932395356033, 0.7075127416978869], [[-0.48119789361953735, 0.07806293666362762, -0.8731293082237244], [-0.856316328048706, -0.254945307970047, 0.449138343334198], [-0.18753917515277863, 0.9637992978096008, 0.18952572345733643]], -1, [78.87505532101841, -10.809207501717154, 119.33334818766765], 87], [[0.23057608753582798, -0.08207311831579808, 0.6435632831003042], [[-0.27127617597579956, 0.37525030970573425, -0.8863387107849121], [-0.8524901270866394, -0.5211905241012573, 0.040259283035993576], [-0.4468441307544708, 0.7665165662765503, 0.4612838625907898]], 0, [58.960791566294155, -26.541384695615022, 107.6519156978549], 99], [[0.32252517886091525, 0.06080954018708323, 0.8791794811633069], [[-0.4725700914859772, -0.1126672551035881, -0.8740615248680115], [-0.7975461483001709, -0.36730465292930603, 0.47854718565940857], [-0.3749634325504303, 0.9232515096664429, 0.08371984958648682]], 1, [84.81862540569561, -22.022054190147067, 120.64801916338683], 105]], "left": [[[-0.06284239844191153, 0.10148835453293552, 0.7840601129722189], [[0.28254732489585876, -0.41653114557266235, -0.8640999794006348], [0.49684104323387146, -0.7070144414901733, 0.5032688975334167], [-0.8205583095550537, -0.5715176463127136, 0.007184723392128944]], -2, [-89.27975612271766, -55.14072292426052, -60.37364511356992], 61], [[0.21525361054880335, 0.018579151689920054, 0.7696398717518287], [[0.09160789847373962, -0.5914086699485779, -0.8011514544487], [0.5757604837417603, -0.6249629855155945, 0.5271821618080139], [-0.8124701976776123, -0.5095654726028442, 0.28325822949409485]], 0, [-60.931108398756145, -54.337983350522535, -80.95958351661521], 86], [[0.17814170232970367, 0.015437132858138414, 0.7550064603059266], [[0.16444581747055054, -0.528946042060852, -0.8325706720352173], [0.5155956745147705, -0.6734759211540222, 0.5297088027000427], [-0.8409035205841064, -0.5163781642913818, 0.1619720160961151]], 0, [-72.58495181151036, -57.235650769284604, -72.31026968197565], 104], [[0.026089944909491215, 0.05126281970968827, 0.7004579187887547], [[0.04191644489765167, -0.5202555060386658, -0.8529812693595886], [0.486179381608963, -0.7352169752120972, 0.4723193645477295], [-0.8728531002998352, -0.43449991941452026, 0.22211983799934387]], 0, [-62.92351056214774, -60.79190403169355, -85.07237945301645], 114], [[-0.08090353630540488, 0.0898881365292894, 0.8018204644460749], [[-0.11851136386394501, -0.6058041453361511, -0.7867377400398254], [0.386798620223999, -0.757900059223175, 0.5253325700759888], [-0.9145172238349915, -0.24205122888088226, 0.32414400577545166]], 1, [-36.7501532494395, -66.13726675248311, -107.03456664632728], 130]]}