{"right": [[[0.11955589985474745, 0.055738318683171945, 0.7261567316604665], [[0.8751899003982544, -0.3998185992240906, -0.2723744511604309], [-0.38600674271583557, -0.9164988994598389, 0.10501746088266373], [-0.29161879420280457, 0.013228148221969604, -0.956443190574646]], 1, [179.20761732773087, -16.95489531227185, 23.800110947819288], 44], [[0.10687247713410297, 0.0019086123307070074, 0.7520727032186794], [[0.8479307293891907, -0.3749009668827057, -0.3747837245464325], [-0.22447390854358673, -0.8944124579429626, 0.38683047890663147], [-0.4802343547344208, -0.24387623369693756, -0.8425552845001221]], 0, [-163.85699962957142, -28.700708177794937, 14.827848820660035], 60], [[0.12322428745740019, 0.0797259454905307, 0.6909245699445259], [[0.8635396957397461, -0.4190923571586609, -0.28046509623527527], [-0.38534727692604065, -0.9071514010429382, 0.16906745731830597], [-0.325279176235199, -0.03792004659771919, -0.9448573589324951]], 0, [-177.7017778144528, -18.982490747114547, 24.048412079571293], 80], [[0.11239313322588973, 0.001974487765511193, 0.7560786810907518], [[0.8883838653564453, -0.40455108880996704, -0.217054545879364], [-0.35231509804725647, -0.9038733243942261, 0.24266666173934937], [-0.294360876083374, -0.1391095370054245, -0.9455158710479736]], 1, [-171.63037214285558, -17.119215973959776, 21.63227843880116], 144]], "left": [[[0.06761975638828166, -0.11051362870422407, 0.7116788143640191], [[0.931324303150177, 0.21593500673770905, -0.2932697832584381], [0.36211833357810974, -0.46326568722724915, 0.8088604211807251], [0.0387994647026062, -0.8595097661018372, -0.509644627571106]], 1, [-120.66573835745422, 2.2236032364891756, -21.24712099228002], 61], [[0.00349214703805901, -0.10031610359171046, 0.6410390196345043], [[0.6831310987472534, 0.1599612683057785, -0.712561845779419], [0.6042895317077637, -0.6717041730880737, 0.4285414516925812], [-0.4100807309150696, -0.723343551158905, -0.5555248856544495]], 1, [-127.5241143319435, -24.209905053181014, -41.49558684223713], 85], [[-0.15026178618134492, 0.10736495336289076, 0.8597851079328789], [[0.749835729598999, -0.14625895023345947, -0.645255446434021], [0.5395680069923401, -0.42923036217689514, 0.7243118286132812], [-0.38290029764175415, -0.8912741541862488, -0.24293559789657593]], 0, [-105.24679244795223, -22.51345070040033, -35.73809486065484], 100], [[0.023809673580759364, -0.020972859205629787, 0.7224081252202649], [[0.6701464056968689, 0.06557866930961609, -0.7393262982368469], [0.6582884192466736, -0.5126542448997498, 0.5512186884880066], [-0.3428706228733063, -0.8560870289802551, -0.386723130941391]], 0, [-114.31027993507307, -20.05186374501173, -44.48857782690529], 112], [[0.09619010757772456, -0.015578769689639574, 0.6996739839293158], [[0.8549107909202576, 0.17572060227394104, -0.4881083071231842], [0.5153409838676453, -0.3957398533821106, 0.7601405382156372], [-0.05959155783057213, -0.9013945460319519, -0.4288782775402069]], 1, [-115.44483433821196, -3.416368407733567, -31.08160901249705], 120], [[0.06305570617359077, -0.07642195608744864, 0.6708027155120729], [[0.9419416189193726, 0.19060459733009338, -0.2764340341091156], [0.32966718077659607, -0.3686363399028778, 0.8691529631614685], [0.06376089155673981, -0.9098225235939026, -0.41007000207901]], 1, [-114.26176811172249, 3.6557110595003555, -19.28937417556316], 131]]}