{"right": [[[0.1969721170569729, 0.08196170286880744, 0.524745490560153], [[0.7738017439842224, -0.6063262224197388, -0.18330103158950806], [-0.5418726801872253, -0.7834951281547546, 0.3041534125804901], [-0.32803165912628174, -0.13602860271930695, -0.934821605682373]], 1, [-171.72083175011716, -19.149349322543028, 35.002525947031955], 87], [[0.18477563140620074, -0.011167636941242093, 0.7446239358191991], [[0.8734477758407593, -0.20652860403060913, 0.4409477710723877], [-0.43569058179855347, -0.7358294725418091, 0.5183905363082886], [0.21739989519119263, -0.644903838634491, -0.7326911687850952]], 0, [-138.64624647265663, 12.556361694678962, 26.510800139817615], 100], [[0.19632978536425924, 0.08348246258774566, 0.6649938015799717], [[0.725387454032898, -0.2259153425693512, 0.6502116918563843], [-0.4837385416030884, -0.8393279910087585, 0.2480435073375702], [0.48970404267311096, -0.4944600462913513, -0.7181219458580017]], 0, [-145.4507969880171, 29.321131281810366, 33.69809839210662], 124], [[0.18407725639914563, -0.008815091752547827, 0.7418865243495903], [[0.8522707223892212, -0.29409682750701904, 0.43259888887405396], [-0.47799360752105713, -0.7737943530082703, 0.4156493842601776], [0.2125014215707779, -0.5610252618789673, -0.8000586628913879]], 1, [-144.96070257163754, 12.268982091272118, 29.28576481542986], 216]], "left": [[[0.1763265913227965, -0.11851977836445404, 0.7759674618572752], [[0.8509130477905273, 0.2825220823287964, -0.44286370277404785], [0.5124678611755371, -0.2612065076828003, 0.8180146217346191], [0.11542829871177673, -0.9230126738548279, -0.367047518491745]], 1, [-111.6858590242736, 6.62832972267803, -31.05872358733179], 108], [[0.030695657519542317, -0.1819777144973108, 0.6307148596646838], [[0.8034058213233948, -0.08536894619464874, -0.589280366897583], [0.4153901934623718, -0.628700315952301, 0.6574093103408813], [-0.4266030192375183, -0.7729476690292358, -0.46963998675346375]], 1, [-121.2827034479759, -25.252172846075986, -27.340618146407298], 131], [[-0.04713966746753889, 0.08506369577161979, 0.8774618816113746], [[0.8670597672462463, -0.09802886843681335, -0.4884648323059082], [0.3942696452140808, -0.4643569886684418, 0.7930473685264587], [-0.3045635521411896, -0.880206286907196, -0.3639754056930542]], 0, [-112.46565603497602, -17.731908141213793, -24.45225660759006], 143], [[0.06704947543045024, -0.11569207605376358, 0.6810338908049576], [[0.7506569623947144, 0.029380664229393005, -0.6600384712219238], [0.5193156599998474, -0.6438307762145996, 0.56195467710495], [-0.40844255685806274, -0.7646036148071289, -0.49855396151542664]], 0, [-123.10605430387268, -24.107034684035487, -34.67606095185531], 158], [[0.19161287373697306, -0.02065534436929678, 0.680122901883535], [[0.826041579246521, 0.06918877363204956, -0.5593461990356445], [0.5365256667137146, -0.40048035979270935, 0.7428025603294373], [-0.17261356115341187, -0.9136894345283508, -0.3679350018501282]], 1, [-111.93422845491696, -9.939812681729162, -33.004292315664806], 167], [[0.17329415049992514, -0.13338745725933862, 0.8034868718935257], [[0.8495151996612549, 0.017579302191734314, -0.5272709131240845], [0.48814067244529724, -0.4052831530570984, 0.7729580402374268], [-0.20010600984096527, -0.9140220880508423, -0.3528754413127899]], 1, [-111.11002060333487, -11.543156803792495, -29.88214057625296], 192]]}