{"right": [[[0.22325817648135382, 0.09627387470165258, 0.7886033404694663], [[0.687965989112854, -0.7247493863105774, -0.03796222805976868], [-0.6783013939857483, -0.6607155203819275, 0.3215000331401825], [-0.2580891251564026, -0.19543121755123138, -0.9461482763290405]], 1, [-168.3294223368172, -14.956708999910473, 44.59471254284703], 240], [[0.17070384168554406, -0.00011290359794915994, 0.738418384688903], [[0.8737547397613525, -0.2969713807106018, 0.3851762115955353], [-0.4698822796344757, -0.7198598980903625, 0.510893702507019], [0.12555207312107086, -0.6273833513259888, -0.7685225605964661]], 0, [-140.77352267144076, 7.212638660532249, 28.270193875255746], 271], [[0.18373433492281746, 0.09629678232501998, 0.656819813704629], [[0.820978581905365, -0.5564408302307129, 0.12793658673763275], [-0.5706517696380615, -0.7923228740692139, 0.21582652628421783], [-0.01872757077217102, -0.2501961290836334, -0.9680140018463135]], 0, [-165.5082821801214, -1.0730740695588346, 34.802672417938524], 309], [[0.17503646963637917, 0.0010478676027940448, 0.7336360177898903], [[0.8571598529815674, -0.3969689905643463, 0.3281654715538025], [-0.4969709813594818, -0.80478835105896, 0.3245543837547302], [0.13526572287082672, -0.4412837028503418, -0.8871143460273743]], 1, [-153.55253782487173, 7.773985652952527, 30.104641822630306], 439]], "left": [[[0.17023674216071263, -0.0778005684234584, 0.7492296724398526], [[0.8298811912536621, 0.45620277523994446, -0.3212108314037323], [0.4949037730693817, -0.33606961369514465, 0.8013285994529724], [0.25761911273002625, -0.8239759206771851, -0.5046743154525757]], 1, [-121.48691589476343, 14.928834714154682, -30.809949041901294], 253], [[0.03659824048180977, -0.11566169056914226, 0.6061006563041405], [[0.835328221321106, 0.09056572616100311, -0.5422403216362], [0.49637332558631897, -0.5482175350189209, 0.6731054782867432], [-0.236305370926857, -0.8314176797866821, -0.5028960108757019]], 1, [-121.16830395530766, -13.668582917906509, -30.71986101453798], 319], [[-0.050001916770908594, 0.0928674380268803, 0.8741745859910804], [[0.7589449286460876, -0.19955159723758698, -0.6198239922523499], [0.5564171671867371, -0.2956991195678711, 0.776506245136261], [-0.33823445439338684, -0.9342061877250671, -0.11338536441326141]], 0, [-96.92019005348855, -19.76934456672933, -36.246844449896365], 352], [[0.06116465924929443, -0.06423316172980006, 0.7533174851084969], [[0.5748967528343201, -0.11170940101146698, -0.8105645179748535], [0.6565546989440918, -0.5282018184661865, 0.5384596586227417], [-0.4882926046848297, -0.8417386412620544, -0.23031815886497498]], 0, [-105.302819042526, -29.228421791512588, -48.793748883901415], 362], [[0.1899525340539937, -0.007686634380210805, 0.6770852693681543], [[0.7728469371795654, 0.19579117000102997, -0.6036337018013], [0.6337093114852905, -0.2882847487926483, 0.7178471088409424], [-0.03347025066614151, -0.9373141527175903, -0.3468746542930603]], 1, [-110.3081514921944, -1.9180639324677775, -39.35063937066611], 370], [[0.17057169428467192, -0.11309097618109283, 0.7513218804866493], [[0.8094849586486816, 0.3597122132778168, -0.46404895186424255], [0.5758440494537354, -0.3320978581905365, 0.7470707893371582], [0.11462082713842392, -0.871962308883667, -0.47596627473831177]], 0, [-118.62820628656226, 6.581755060469281, -35.42694206509784], 404]]}