{"L": [[-1, 0.029867655, -0.263553522, 0.514021678, 160.349105835, 0.392274737, 2.675014734, 1], [2, 0.047737619, -0.715288905, 0.32710108, 160.349807739, 0.39732933, 2.669576406, 1], [4, 0.067061986, -0.537619221, 0.42129046, 160.350784302, 0.390198886, 2.68177247, 1], [5, -0.031538701, -0.440752676, 0.128012692, 160.348754883, 0.392207891, 2.675566673, 0], [6, -0.067951009, -0.552961627, 0.437749921, 160.350250244, 0.39402625, 2.673550129, 0], [7, -0.074467773, -0.699761155, 0.349552016, 160.348831177, 0.392149478, 2.675321341, 1], [8, 0.029853754, -0.698140924, 0.325347118, 160.335678101, 0.384595126, 2.68135643, 1]], "R": [[-1, 0.184212001, -0.130040292, 0.349709142, -89.639450073, -3.579750776, 144.726821899, 1], [0, 0.17769181, -0.457040529, 0.13179213, -89.640274048, -3.578882217, 144.725662231, 1], [1, 0.176525406, -0.457794308, 0.131924368, -89.639259338, -3.579360723, 144.727005005, 0], [3, 0.28166616, -0.457114746, 0.13276394, -89.638969421, -3.576110125, 144.724456787, 0], [9, 0.172821943, -0.457752236, 0.132463797, -89.639526367, -3.57992506, 144.727081299, 1]]}