{"right": [[[0.10108988002479695, 0.06709840160782476, 0.765576865104683], [[0.7983510494232178, -0.5979692339897156, -0.07119160890579224], [-0.5981071591377258, -0.8011215329170227, 0.021723415702581406], [-0.0700230821967125, 0.025237303227186203, -0.9972261190414429]], 1, [178.5502961853782, -4.015312831768131, 36.83974782058989], 53], [[0.09954698850833567, -0.0011515061396361048, 0.7484890284177197], [[0.6959400773048401, -0.4597018361091614, -0.5516716837882996], [-0.32711634039878845, -0.8868471384048462, 0.32633882761001587], [-0.6392670273780823, -0.04665146768093109, -0.7675684690475464]], 0, [-176.5219421695252, -39.737184790364005, 25.175176893600078], 70], [[0.11258829630631431, 0.08541435724744063, 0.6900448536333961], [[0.8693862557411194, -0.4338895082473755, -0.23644743859767914], [-0.4163987636566162, -0.9009324908256531, 0.12219960987567902], [-0.2660442888736725, -0.00778224179521203, -0.9639293551445007]], 0, [-179.53743493819977, -15.429014504190931, 25.592423412571694], 100], [[0.10634859284963553, 0.001362370713353822, 0.7610206734424769], [[0.8938533067703247, -0.42326080799102783, -0.1479066014289856], [-0.3841734528541565, -0.8930991888046265, 0.23406098783016205], [-0.2311641126871109, -0.1523943990468979, -0.9609053134918213]], 1, [-170.98825282275334, -13.365618219738959, 23.257777089124172], 180]], "left": [[[0.10661735706719909, -0.12917782078682613, 0.7710446598242082], [[0.7748655676841736, 0.5432567596435547, -0.3231957256793976], [0.6092972159385681, -0.5057159066200256, 0.610744059085846], [0.16834557056427002, -0.6701667904853821, -0.7228667140007019]], 1, [-137.16652474139178, 9.691641599125916, -38.17890414716859], 72], [[-0.07611642956464566, -0.2037282374718783, 0.7364945156479341], [[0.6409350037574768, 0.10691192746162415, -0.7601132988929749], [0.4738864600658417, -0.8341214060783386, 0.28226438164711], [-0.6038492918014526, -0.5411204695701599, -0.5852816700935364]], 1, [-137.2451617635331, -37.14608370645589, -36.4780148908869], 111], [[-0.14474175395647476, 0.09015769523072023, 0.8917798529819311], [[0.762434720993042, 0.03538590669631958, -0.6460968255996704], [0.49226781725883484, -0.6797704696655273, 0.5436766743659973], [-0.419959157705307, -0.7325707077980042, -0.5357000827789307]], 0, [-126.17653020193444, -24.832007779153308, -32.84840772280687], 125], [[-0.0004399294480388668, -0.04523394894056759, 0.657357298374919], [[0.575883150100708, 0.07854129374027252, -0.8137503862380981], [0.6157661080360413, -0.6964189410209656, 0.36855486035346985], [-0.5377644896507263, -0.7133244872093201, -0.4494190216064453]], 0, [-122.2123431223017, -32.53158641443179, -46.91689839066373], 135], [[0.10772650314056878, -0.012545261092990367, 0.723943741179526], [[0.8279111385345459, 0.3020923137664795, -0.47255003452301025], [0.5568709969520569, -0.5430634021759033, 0.6284719109535217], [-0.0667681023478508, -0.7834681868553162, -0.6178346276283264]], 1, [-128.25893325370194, -3.828378580612231, -33.92563468133158], 155], [[0.09258014717470223, -0.11676480723296633, 0.7533400643716095], [[0.8234394788742065, 0.5221521854400635, -0.22204619646072388], [0.49585455656051636, -0.4719826579093933, 0.7289448976516724], [0.27581819891929626, -0.7103446125984192, -0.647560715675354]], 1, [-132.35276530933146, 16.01077972174453, -31.055293583829897], 167]]}