{"right": [[[0.20701925517186442, 0.11804327499609847, 0.870860804800186], [[-0.8138298988342285, 0.3101195991039276, -0.4914334714412689], [-0.5809922814369202, -0.4177103638648987, 0.6985456347465515], [0.011355875991284847, 0.8540163636207581, 0.520122230052948]], 0, [58.65729799926871, 0.6506562121877757, 144.47699800964537], 142], [[0.06241046365130461, 0.08334793911429757, 0.7467849587940336], [[-0.7168340682983398, 0.4986383616924286, -0.4873487651348114], [-0.6972348093986511, -0.5090817809104919, 0.5046774744987488], [0.0035511960741132498, 0.7015665173530579, 0.7125951647758484]], 0, [44.553174836945544, 0.2034678486743081, 135.7940775667429], 184], [[0.05090369045488718, 0.0848679762290371, 0.7264898238127722], [[-0.6921297311782837, 0.529017984867096, -0.491015762090683], [-0.7162984013557434, -0.41981208324432373, 0.557381808757782], [0.08873064070940018, 0.7374942302703857, 0.6694990992546082]], 1, [47.7667543984451, 5.0905858032803675, 134.01689757631206], 221]], "left": [[[-0.13790316642899608, 0.12486651334739841, 0.7784570177181014], [[0.9620456695556641, 0.2339567244052887, -0.14047157764434814], [0.25478705763816833, -0.5857299566268921, 0.7694178819656372], [0.09773208200931549, -0.7760055661201477, -0.6231082081794739]], 0, [-128.7633741440752, 5.608588385056037, -14.833598574259614], 141], [[-0.041750945084198944, 0.0741879660851244, 0.6694144551834582], [[0.9443994760513306, 0.3028319478034973, -0.12807291746139526], [0.3029761016368866, -0.6501766443252563, 0.6967609524726868], [0.12773145735263824, -0.6968236565589905, -0.7057772874832153]], 0, [-135.3657481733917, 7.338520612704817, -17.786944295244318], 183], [[0.00212411014812423, 0.07475314078337672, 0.6928061292748344], [[0.909055233001709, 0.26210564374923706, -0.32391229271888733], [0.39495086669921875, -0.7897522449493408, 0.4693666398525238], [-0.1327867954969406, -0.5546097755432129, -0.8214473128318787]], 0, [-145.97428807508828, -7.630661229490584, -23.48316357017967], 220], [[-0.0011280210592665915, 0.11950686597449361, 0.8013173850098783], [[0.9481631517410278, 0.31590455770492554, -0.03450882434844971], [0.26412296295166016, -0.7230124473571777, 0.6383510231971741], [0.1767076849937439, -0.6143755316734314, -0.7689714431762695]], 1, [-141.37663018385243, 10.178050571880705, -15.565857586311227], 295]]}