{"L": [[-1, -0.042440781, -0.230282299, 0.394387866, 160.720870972, -0.240755901, 0.805389643, 1], [0, -0.12272549, -0.451605759, 0.126574714, 160.720809937, -0.240876034, 0.80534637, 0], [2, -0.139021519, -0.538295716, 0.324785648, 160.729324341, -0.239501461, 0.802260458, 0], [4, -0.133192609, -0.584379815, 0.307280079, 160.727294922, -0.240882635, 0.807104349, 0], [6, -0.125693545, -0.590029352, 0.162143414, 160.720733643, -0.240768626, 0.805378139, 1]], "R": [[-1, 0.093868497, -0.171048824, 0.421438099, 179.401016235, -20.343708038, -89.969947815, 1], [1, 0.1434321, -0.413910459, 0.123260424, 179.400985718, -20.343725204, -89.97013092, 0], [3, 0.160080059, -0.568733316, 0.311384273, 179.401794434, -20.341215134, -89.969985962, 0], [5, 0.170613621, -0.582822546, 0.301823777, 179.401031494, -20.344036102, -89.970046997, 1]]}