{"right": [[[0.17943971126314312, -0.10015779605127739, 0.8569261399590349], [[-0.36355656385421753, -0.6750426292419434, -0.6419844627380371], [-0.4525623321533203, -0.47437354922294617, 0.7550874352455139], [-0.8142566680908203, 0.5650550127029419, -0.1330372542142868]], 1, [103.2485089160367, -54.51392974348527, 128.77593133534785], 127], [[0.1816740369426216, -0.11814071315547395, 0.8402647213237996], [[-0.4457312524318695, -0.6094783544540405, -0.6556370258331299], [-0.41476738452911377, -0.508441150188446, 0.7546228766441345], [-0.7932791113853455, 0.6082957983016968, -0.02616363950073719]], 1, [92.46285511946884, -52.49301219402052, 137.06081711923403], 136], [[0.1907742349794353, -0.1421223735782477, 0.7548794081303023], [[-0.3994610607624054, -0.5158616304397583, -0.7578374147415161], [-0.469666063785553, -0.5947717428207397, 0.6524264812469482], [-0.7873021364212036, 0.616549551486969, -0.004694550763815641]], 1, [90.43625443391825, -51.934100083811714, 130.38187806750142], 144], [[0.2008876650566757, -0.057990830688395806, 0.64264439997136], [[-0.028682485222816467, -0.6439849138259888, -0.7645003795623779], [-0.5584605932235718, -0.6239955425262451, 0.546581506729126], [-0.8290351033210754, 0.4426206350326538, -0.34174245595932007]], 1, [127.67132423296567, -55.99974100116764, 92.94012715858102], 152], [[0.2130229615542649, 0.11479135158320478, 0.7346053925989562], [[-0.09540478885173798, -0.5459358096122742, -0.8323773145675659], [-0.547752320766449, -0.6694214344024658, 0.5018389225006104], [-0.831183135509491, 0.5038144588470459, -0.2351716011762619]], 1, [115.02232376146759, -56.220462057919974, 99.88038018024285], 168], [[0.2425754780053015, 0.1263126318628654, 0.8013411165231703], [[-0.07143758237361908, -0.6272020936012268, -0.7755733728408813], [-0.5090781450271606, -0.6457343101501465, 0.5690927505493164], [-0.8577505946159363, 0.4354821443557739, -0.273165225982666]], -3, [122.09885008791976, -59.064949228815635, 97.98799845284931], 170]], "left": [[[-0.07597018444985121, -0.06920236936329634, 0.8396726103269416], [[0.4963088035583496, -0.6865919828414917, -0.5312898755073547], [0.09307634830474854, -0.5663719177246094, 0.8188769817352295], [-0.8631421327590942, -0.45586642622947693, -0.21718990802764893]], 1, [-115.47468160534632, -59.6712342048353, -10.621714707458294], 127], [[-0.07219599834412205, -0.08160990860325955, 0.8128164040942147], [[0.37531208992004395, -0.7406734228134155, -0.5572645664215088], [0.06697335094213486, -0.5779728889465332, 0.8133031725883484], [-0.9244757294654846, -0.3425643742084503, -0.167314812541008]], 1, [-116.03174520308407, -67.58943347078511, -10.117764957291179], 136], [[-0.0635007461212079, -0.10954751181321384, 0.7055909301633155], [[0.3976370394229889, -0.6442431807518005, -0.6533265709877014], [0.06616607308387756, -0.6900520324707031, 0.7207289934158325], [-0.9151540398597717, -0.3298165798187256, -0.23176319897174835]], 1, [-125.09583853851761, -66.22760858069718, -9.447354076606425], 144], [[-0.053384890549872714, -0.022251341931734864, 0.5964298419942782], [[0.1309787929058075, -0.6674610376358032, -0.7330350279808044], [0.03503081947565079, -0.7358271479606628, 0.6762627363204956], [-0.9907660484313965, -0.11425488442182541, -0.07299603521823883]], 1, [-122.57400460627186, -82.20769806720396, -14.973535478326538], 152], [[-0.04550987649355418, 0.14986852782642837, 0.7208568844712909], [[0.29763907194137573, -0.6293202042579651, -0.7178906798362732], [-0.0037870912346988916, -0.7527435421943665, 0.6583029627799988], [-0.9546709060668945, -0.19321797788143158, -0.22642919421195984]], 1, [-139.52500200221098, -72.68269700401552, 0.7289774044648984], 168], [[-0.056183610776465595, 0.1648270948982336, 0.7946717363845909], [[0.14154185354709625, -0.7143046855926514, -0.6853718757629395], [-0.10095376521348953, -0.6991481184959412, 0.7078136801719666], [-0.9847711324691772, -0.030994387343525887, -0.17107047140598297]], -3, [-169.73059947043313, -79.98793214178035, 35.498100480847555], 170]]}