{"L": [[-1, -0.128552651, -0.180087214, 0.364962064, -89.309844971, -0.575400472, 179.958404541, 1], [1, -0.047574261, -0.432335922, 0.027429885, -89.3097229, -0.575491667, 179.958053589, 0], [3, -0.063898205, -0.562110821, 0.081578223, -89.311004639, -0.574801087, 179.95350647, 0], [9, -0.016643323, -0.420591359, 0.027085477, -89.308731079, -0.57527858, 179.958190918, 1]], "R": [[-1, 0.093864216, -0.171053284, 0.421424022, 179.400680542, 0.340302229, 0.97146219, 1], [0, 0.165093503, -0.501319492, 0.130946676, 179.399673462, 0.340220481, 0.971487403, 0], [2, 0.116891541, -0.567935948, 0.337692562, 179.400177002, 0.341366589, -89.030639648, 0], [4, 0.082652239, -0.46182541, 0.2881138, 179.400650024, -79.659461975, -89.028549194, 1], [5, 0.009922444, -0.551571871, 0.329130561, 179.400039673, 0.339335054, -89.030960083, 1], [6, -0.03259982, -0.496351796, 0.133560539, 179.400650024, 0.340347528, -89.028503418, 0], [7, -0.021371656, -0.530188507, 0.22553935, 179.401931763, 0.345211983, -89.026748657, 0], [8, 0.064552198, -0.459721138, 0.264636502, 179.401199341, -79.659156799, -89.029151917, 1]]}