{"right": [[[0.1890222940922319, 0.14552748078330402, 0.8662400709685181], [[-0.430858850479126, -0.8958830833435059, 0.10841654986143112], [-0.33481553196907043, 0.27026423811912537, 0.9026936292648315], [-0.8380090594291687, 0.3526339828968048, -0.41640135645866394]], 0, [139.74004252825225, -56.93047483195164, 142.14962495041956], 83], [[0.11627784559145932, 0.0004897337302198213, 0.7160789050226227], [[0.21922537684440613, -0.8523278832435608, -0.4748445749282837], [-0.8267507553100586, -0.42071443796157837, 0.373473584651947], [-0.5180959105491638, 0.31070324778556824, -0.7968940138816833]], 0, [158.69954862983408, -31.204616329439286, 75.14893844839759], 97], [[0.058022536685456046, -0.0373196856846279, 0.698843452198913], [[-0.05442816764116287, -0.3152637779712677, -0.9474419355392456], [-0.7508099675178528, -0.6126058101654053, 0.24697835743427277], [-0.658271849155426, 0.7247915863990784, -0.20336022973060608]], 1, [105.6729241249033, -41.168207696615156, 94.14626380444689], 107], [[0.11300542247218738, -0.08367998825785172, 0.7827740632489227], [[-0.031653329730033875, -0.3050730228424072, -0.9518027305603027], [-0.7331895232200623, -0.6401087045669556, 0.2295515537261963], [-0.6792872548103333, 0.7051178812980652, -0.20341478288173676]], 1, [106.09197134115706, -42.787971945829995, 92.47204353900348], 114], [[0.15519412936222848, -0.027754582004301767, 0.9353442348774132], [[-0.752842128276825, 0.4317338764667511, -0.496824711561203], [-0.617656946182251, -0.20256684720516205, 0.7599123120307922], [0.22743964195251465, 0.8789610862731934, 0.4191642105579376]], 0, [64.50418049926282, 13.146378652984975, 140.6333941479017], 134], [[0.12421167621277478, -0.05393638308949174, 0.8883748650843979], [[-0.4389599859714508, -0.24530303478240967, -0.8643729090690613], [-0.8183304667472839, -0.2880857288837433, 0.49733471870422363], [-0.37101122736930847, 0.9256527423858643, -0.07428084313869476]], 0, [94.58798269285323, -21.77799609545358, 118.20951794477968], 137], [[0.06600999330546736, -0.06726649915516464, 0.7477623863016685], [[0.3195696175098419, -0.7879747748374939, -0.5262802243232727], [-0.9096412658691406, -0.4106638431549072, 0.06251232326030731], [-0.26538243889808655, 0.4587492346763611, -0.8480101823806763]], 1, [151.58788021191725, -15.389678615283769, 70.64291299275983], 145]], "left": [[[-0.07675209590169159, 0.05731770274418965, 0.851464123283226], [[-0.02483602985739708, -0.42743298411369324, -0.9037057757377625], [-0.014024969190359116, -0.9037466645240784, 0.4278377890586853], [-0.9995931386947632, 0.023300237953662872, 0.01645074598491192]], 0, [54.77664533491707, -88.36556389608967, 150.54645961699796], 88], [[0.04820236406986113, 0.02098945495463775, 0.7756261877265314], [[0.03328879177570343, -0.34565460681915283, -0.937771201133728], [0.14287886023521423, -0.9270079135894775, 0.34675922989845276], [-0.9891802668571472, -0.14553087949752808, 0.018527761101722717]], 0, [-82.74459847812876, -81.56394537475843, -76.88486340056188], 106], [[-0.07812770505826266, 0.04257140717947566, 0.8616497643297558], [[-0.04705122858285904, -0.3838110566139221, -0.9222121834754944], [-0.023787351325154305, -0.9225423336029053, 0.3851620852947235], [-0.9986092448234558, 0.04005933552980423, 0.034276898950338364]], 1, [49.44795534230264, -86.97782664101818, 153.1805213128861], 165]]}